-- ----------------------------------------------------------------------
-- SQL data bulk transfer script generated by the MySQL Migration Toolkit
-- ----------------------------------------------------------------------

-- Disable foreign key checks
SET @OLD_FOREIGN_KEY_CHECKS=@@FOREIGN_KEY_CHECKS, FOREIGN_KEY_CHECKS=0;
INSERT INTO `Fahrrad`.`Fahrrad`(`Fahrradnr`, `Bezeichnung`, `Rahmennummer`, `Tagesmietpreis`, `Wert`, `Kaufdatum`, `Herstellernr`)
VALUES ('1', 'Steel Lite Lady GT', '4590/H2', 8.4, 849.0, '2018-05-23 00:00:00', '24'),
  ('10', 'BMX R 10', 'U/H3445', 19.95, 285.0, '2007-10-11 00:00:00', '3'),
  ('11', 'Fishbone Einrad', 'U/H6745', 19.95, 79.9, '2007-10-11 00:00:00', '3'),
  ('12', 'Roadracer Centaur', 'U/H8907', 19.95, 1279.0, '2007-10-11 00:00:00', '23'),
  ('13', 'Fishbone Junior', 'U/H341', 19.95, 585.0, '2007-10-11 00:00:00', '3'),
  ('14', 'Scott Contessa Scale', '75/32', 10.5, 1599.0, '2017-05-27 00:00:00', '4'),
  ('15', 'Yazoo SV-1.6N', '298H46', 17.85, 659.0, '2017-05-27 00:00:00', '5'),
  ('16', 'Scott Aspect 50', 'MTB/B34', 19.95, 475.0, '2018-07-23 00:00:00', '4'),
  ('17', 'Scott Voltage YZ 2', 'MTB/C34', 19.95, 398.0, '2017-05-27 00:00:00', '4'),
  ('18', 'Santa Rosa', 'MTB/R34', 21.0, 499.0, '2017-05-15 00:00:00', '9'),
  ('19', 'Sharptail 2', 'MTB/R36', 21.0, 412.0, '2017-05-15 00:00:00', '9'),
  ('2', 'Panther Thedy', '340/90089', 9.45, 499.0, '2017-01-17 00:00:00', '5'),
  ('20', 'Black Adder 1', 'MTB/R49', 21.0, 1999.0, '2017-05-15 00:00:00', '9'),
  ('21', 'Vulture 2', 'MTB/H34', 21.0, 849.0, '2017-05-15 00:00:00', '9'),
  ('22', 'Novice Free', 'MTB/G11', 21.0, 412.0, '2017-05-15 00:00:00', '9'),
  ('23', 'Aerium Pro', 'MTB/Z65', 35.7, 1598.0, '2017-05-05 00:00:00', '21'),
  ('24', 'Attention white', 'MTB/Z66', 35.7, 689.0, '2017-05-05 00:00:00', '21'),
  ('25', 'LTD Comp black', 'MTB/Z67', 35.7, 859.0, '2017-05-05 00:00:00', '21'),
  ('26', 'Attempt Triple', 'MTB/Z68', 35.7, 749.0, '2017-05-05 00:00:00', '21'),
  ('27', 'Koga-Roadrunner', 'CT/r456', 24.15, 1650.0, '2017-05-27 00:00:00', '23'),
  ('28', 'Koga X-Runner', 'CT/e352', 24.15, 1599.0, '2020-05-27 00:00:00', '23'),
  ('29', 'Traveller G', 'CT/x788', 24.15, 1699.0, '2017-05-27 00:00:00', '23'),
  ('3', 'Scott Sub 30', '56/32', 10.5, 559.0, '2017-05-05 00:00:00', '4'),
  ('30', 'Roadstar 7', 'CB/098', 11.55, 1198.0, '2020-05-16 00:00:00', '24'),
  ('31', 'Avalon X-Pro', 'CB/28', 11.55, 780.0, '2017-05-16 00:00:00', '24'),
  ('32', 'Lady Lite Comfort', 'CB/098', 11.0, 780.0, '2020-05-16 00:00:00', '24'),
  ('33', 'Scott Sportster P55', '0001', 12.6, 479.0, '2017-03-11 00:00:00', '4'),
  ('34', 'Kindertransportanhänger mit Federung', '0002', 12.6, 234.0, '2017-03-11 00:00:00', '4'),
  ('35', 'Viale Abruzzi Gent', '22-88-333', 15.0, 780.0, '2017-06-22 00:00:00', '2'),
  ('36', 'Scott Scale 70', '88/07', 21.0, 750.0, '2020-03-10 00:00:00', '4'),
  ('4', 'Scott Voltage Jr 16', '76/67654e', 12.6, 570.0, '2018-09-05 00:00:00', '4'),
  ('5', 'Yazoo FSV-3.6N', '198H45', 17.85, 879.0, '2018-09-21 00:00:00', '5'),
  ('6', 'Scott Speedster', 'MTB/B88', 19.95, 899.0, '2018-07-23 00:00:00', '4'),
  ('7', 'Giant TCR Composite 1.0', '198H47', 17.85, 2199.0, '2018-09-21 00:00:00', '2'),
  ('8', 'Comus Einrad XM', '4890/H2', 8.4, 56.0, '2017-01-02 00:00:00', '22'),
  ('9', 'FR 100', 'U/H2345', 19.95, 689.0, '2007-10-11 00:00:00', '3');

INSERT INTO `Fahrrad`.`Land`(`Landnr`, `countrycode`, `bezeichnung`)
VALUES('1', 'AUT', 'Österreich'),
	('2', 'GER', 'Deutschland'), 
	('3', 'USA', 'Vereinigte Staaten'),
	('4', 'FRA', 'Frankreich'),
	('5', 'ESP', 'Spanien'),
	('6', 'NED', 'Holland'),
	('7', 'ENG', 'England');
  
  INSERT INTO `Fahrrad`.`Hersteller`(`Herstellernr`, `Herstellername`, `Email`)
VALUES ('1', 'Kettler', 'contact@kettler.de'),
  ('10', 'Dahon', 'info@hartje.de'),
  ('11', 'Centano', 'email@centano.com'),
  ('12', 'Ergon', 'service@rtisports.de'),
  ('13', 'Flyke', 'fresh.breeze@t-online.de'),
  ('14', 'GIANT', 'info@giant-bikes.de'),
  ('15', 'Hercules', 'HERCtswebmaster@guillemot.com'),
  ('16', 'KTM Bikes', 'inside@ktm-bikes.at'),
  ('17', 'Puky', 'info@puky.de'),
  ('18', 'Römer', 'info@de.britaxeurope.com'),
  ('19', 'Schwalbe', 'info@schwalbe.com'),
  ('2', 'Bianchi', 'info@bianchistore.de'),
  ('20', 'Panther', 'info@pantherbike.de'),
  ('21', 'Cube', 'website@cube.eu'),
  ('22', 'Comus', 'info@comus.de'),
  ('23', 'Koga-Miyata', 'info@koga.com'),
  ('24', 'Maxcycles', 'info@maxcycles.de'),
  ('3', 'Fishbone', 'fishbone.net@gmail.com'),
  ('4', 'Scott', 'bikesupport@scottusa.com'),
  ('5', 'Yazoo', 'info@yazoo.com'),
  ('6', 'Arcona', 'info@arcona.com'),
  ('7', 'BBF', 'info@bbf-direkt.de'),
  ('8', 'Cateye', 'globalservice@cateye.com'),
  ('9', 'Bulls', 'info@bulls.de');

INSERT INTO `Fahrrad`.`Kunde`(`Kundennr`, `Name`, `Vorname`, `Strasse`, `Ortnr`)
VALUES ('232', 'Schneider', 'Heinrich', 'Goezstraße 25', 29740),
  ('233', 'Schlauch', 'Franz', 'Ulmer Weg 56', 30050),
  ('234', 'Schlauch', 'Franziska', 'Ulmer Weg 56', 30050),
  ('235', 'Böckle', 'Jennifer', 'Hermann-Hesse-Str. 3', 11553),
  ('236', 'Hauffe', 'Johann', 'Seestraße 21', 29003),
  ('237', 'Yilmaz', 'Ali', 'Wehrstraße 87', 29315),
  ('238', 'Berger', 'Johann', 'Vaihinger Str. 103', 29875),
  ('239', 'Schweizer', 'Anton', 'Schillingstraße 18', 28952),
  ('240', 'Lambert', 'Hans', 'Molkereigässle 7', 29575),
  ('241', 'Sautter', 'Fritz', 'Karlstraße 23', 39815),
  ('242', 'Branduardi', 'Francesco', 'Rosenweg 11A', 29531),
  ('243', 'Dreizler', 'Helmut', 'Karl-Marx-Str. 2', 29575),
  ('244', 'Heller', 'Ulrich', 'Lindenallee 78', 32644),
  ('245', 'Linker', 'Torsten', 'Neckarstraße 23', 29875),
  ('246', 'Sommer', 'Achim', 'Talwiese 39', 22553),
  ('247', 'Kratzer', 'Franz', 'R.-Wagner Str. 38', 22553),
  ('248', 'Dreiss', 'Uwe', 'Ringstraße 73', 27301),
  ('249', 'Anschütz', 'Günter', 'Tulpenweg 31', 22583),
  ('250', 'Blaschke', 'Hilde', 'Brückenstraße 44', 29022),
  ('251', 'Bittner', 'Helmut', 'Hügelstraße 36', 21414),
  ('252', 'Steck', 'Gerlinde', 'Adenauerstr. 39', 27522),
  ('253', 'Watzke', 'Bernd', 'Filderweg 44', 29306),
  ('254', 'Dihlmann', 'Thomas', 'Auf der Insel 3', 29306),
  ('255', 'Köber', 'Hannes', 'Hauptstr. 31', 39816),
  ('256', 'Alber', 'Rolf', 'Vogelweg 84', 20740),
  ('257', 'Karl', 'Malte', 'Heilbronner Str. 22', 19765),
  ('258', 'Bitto', 'Barbara', 'W.-Röntgen-Str. 44', 19007),
  ('259', 'Borst', 'Casper', 'Benzstraße 73', 29764),
  ('260', 'Gutbier', 'Gerhard', 'Schwarzwaldweg 1', 29657),
  ('261', 'Engel', 'Fabian', 'Wasenweg 33', 29657),
  ('262', 'Maier', 'Ingrid', 'Hohe Straße 87', 29740),
  ('263', 'Schweizer', 'Karin', 'Th.-Heuss-Allee 73', 24010),
  ('264', 'Dörner', 'Julia', 'Rosenweg 15A', 30418),
  ('265', 'Jaksch', 'Danijel', 'Maurener Weg 67', 37504),
  ('266', 'Toppmöller', 'Vanessa', 'Eichenweg 3', 39325),
  ('267', 'Kolesnik', 'Walter', 'Webergasse 1', 33770),
  ('268', 'Mainzer', 'Heinz', 'Allee 34', 33918),
  ('269', 'Mainzer', 'Erwin', 'Marktplatz 1', 34547),
  ('270', 'Knaller', 'Willi', 'Königsweg 56', 29311),
  ('271', 'Berger', 'Nora', 'Wehrstraße 87', 37504),
  ('272', 'Dieterle', 'Samuel', 'Gartenstraße 78', 22512),
  ('273', 'Bajrami', 'Frosina', 'Schillingstraße 18', 27953),
  ('274', 'Hennes', 'Andreas', 'Lindenallee 12', 28511),
  ('275', 'Dettinger', 'Mainhard', 'Haupstraße 120', 30418),
  ('276', 'König', 'Jürgen', 'Gärtringer Str. 7', 29722),
  ('277', 'Gissing', 'Beate', 'Olgastraß1 123', 29740),
  ('278', 'Lenker', 'Erwin', 'Helfensteinerstr. 31', 29740),
  ('279', 'Albanesi', 'Dario', 'Molkereigasse 2', 29318),
  ('280', 'Gössler', 'Rainer', 'Schmiedstraße 8/C', 29318),
  ('281', 'Schlauch', 'Rudolf', 'Karlstraße 12', 29764),
  ('282', 'Egeler', 'Karl-Friedrich', 'Tannenstr. 2', 30050),
  ('283', 'Erikson', 'Judith', 'Wagnerstr.15', 30426),
  ('284', 'Landenberger', 'Sabine', 'Marktplatz 12', 39815),
  ('285', 'Kessler', 'Melani', 'Vaihinger Str. 103', 29740),
  ('286', 'Kolar', 'Pavel', 'Geranienstraße 76', 20740),
  ('287', 'Pessoa', 'Erwin', 'Am Oberen See 12', 21042),
  ('288', 'Kienle', 'Kristine', 'Schillerstraß 46', 39815),
  ('289', 'Lauxmann', 'Klaus', 'Jasminweg 18', 28936),
  ('290', 'Ragusa', 'Michael', 'Augustinerstr. 8', 29003),
  ('291', 'Jakovljewic', 'Emira', 'Seestraße 21', 29023),
  ('292', 'Delfini', 'Romolo', 'Krokusstraße 7', 29531),
  ('293', 'Passinhas', 'Fernando', 'Molkereigässle 7', 30050),
  ('294', 'Binder', 'Elke', 'Altdorfer Str. 87', 29764),
  ('295', 'Tabucchi', 'Antonia', 'Stuttgarter Str. 68', 30426),
  ('296', 'Hörmann', 'Barbara', 'Adelbortenstraße 22', 29305),
  ('297', 'Schettler', 'Christoph', 'Guttenbrunnstraße 88', 29573),
  ('298', 'Mielnik', 'Hans', 'Hermann-Hesse-Str. 3', 29740),
  ('299', 'Dengler', 'Manfred', 'Marktplatz 3', 20788),
  ('300', 'Banzhaff', 'Jörg', 'Ehninger Weg 8', 29307),
  ('301', 'Anters', 'Vera', 'Karlsplatz 3', 27953),
  ('302', 'Daumer', 'Ulla', 'Karlstraße 23', 27850),
  ('303', 'Hauffe', 'Johanna', 'Teckstraße 77', 39816),
  ('304', 'Schlauch', 'Angelika', 'Neck-Allee 81', 4019),
  ('305', 'Harr', 'Egon', 'Ulmer Weg 56', 3092),
  ('306', 'Lutz', 'Hans-Dieter', 'Rosenstraße 8/1', 29009),
  ('307', 'Frey', 'Donald', 'Weite Str. 12', 29009),
  ('308', 'Lambert', 'Franziska', 'Veilchenstraße 13', 6326),
  ('309', 'Kosig', 'Donald', 'Kurze Str. 12', 29),
  ('310', 'Nager', 'Richie', 'Kurgasse 12', 33),
  ('311', 'Beam', 'John', 'London Bridge 12', 34),
  ('312', 'Cool', 'Don', 'Lake Sea 12', 35),
  ('313', 'Hamming', 'Walli', 'Stonehedge 1', 60),
  ('314', 'Queen', 'Elisabeth ', 'Tower 1', 35),
  ('315', 'Jaque', 'Andreas ', 'Street 12', 61),
  ('316', 'Delhourme', 'Jean', 'RUE DE L EGLISE 1', 61),
  ('317', 'Brüggler', 'Robert', 'Platzgasse 12', 30334),
  ('318', 'Schnitzer', 'Jochen', 'Riedl 7', 30124),
  ('319', 'Linz', 'Gerhard', 'am Platz 67', 30350),
  ('320', 'Göring', 'Kurt', 'Stehgasse 2', 30196);
  
  


INSERT INTO `Fahrrad`.`Vermietung`(`Mietnr`, `Mietdatum`, `von`, `bis`, `Fahrradnr`, `Kundennr`)
VALUES ('1', '2018-08-21 00:00:00', '2018-08-23 00:00:00', '2018-08-26 00:00:00', '11', '299'),
  ('10', '2018-09-19 00:00:00', '2018-09-19 00:00:00', '2018-09-26 00:00:00', '29', '250'),
  ('100', '2016-07-26 00:00:00', '2017-07-26 00:00:00', '2017-07-30 00:00:00', '1', '270'),
  ('101', '2017-07-30 00:00:00', '2020-07-31 00:00:00', '2020-08-02 00:00:00', '2', '271'),
  ('102', '2017-08-03 00:00:00', '2017-08-03 00:00:00', '2017-08-06 00:00:00', '7', '253'),
  ('103', '2017-08-10 00:00:00', '2017-08-10 00:00:00', '2017-08-20 00:00:00', '30', '266'),
  ('104', '2017-08-12 00:00:00', '2017-08-13 00:00:00', '2017-08-20 00:00:00', '31', '273'),
  ('105', '2017-08-14 00:00:00', '2017-08-16 00:00:00', '2017-08-19 00:00:00', '1', '294'),
  ('106', '2017-08-14 00:00:00', '2017-08-14 00:00:00', '2017-08-18 00:00:00', '5', '294'),
  ('107', '2017-08-16 00:00:00', '2020-08-16 00:00:00', '2020-08-21 00:00:00', '5', '286'),
  ('108', '2017-08-17 00:00:00', '2017-08-17 00:00:00', '2017-08-18 00:00:00', '21', '302'),
  ('109', '2017-08-23 00:00:00', '2017-08-23 00:00:00', '2017-08-26 00:00:00', '26', '232'),
  ('11', '2018-09-20 00:00:00', '2018-09-20 00:00:00', '2018-09-24 00:00:00', '22', '242'),
  ('110', '2017-08-23 00:00:00', '2017-08-23 00:00:00', '2017-08-28 00:00:00', '27', '244'),
  ('111', '2017-08-25 00:00:00', '2017-08-27 00:00:00', '2017-09-01 00:00:00', '17', '241'),
  ('112', '2017-08-30 00:00:00', '2017-08-31 00:00:00', '2017-09-04 00:00:00', '26', '261'),
  ('113', '2017-09-01 00:00:00', '2017-09-01 00:00:00', '2017-09-08 00:00:00', '1', '272'),
  ('114', '2017-09-01 00:00:00', '2017-09-01 00:00:00', '2017-09-05 00:00:00', '17', '239'),
  ('115', '2017-09-03 00:00:00', '2017-09-04 00:00:00', '2017-09-07 00:00:00', '1', '234'),
  ('116', '2017-09-08 00:00:00', '2017-09-10 00:00:00', '2017-09-14 00:00:00', '18', '257'),
  ('117', '2017-09-09 00:00:00', '2017-09-09 00:00:00', '2017-09-16 00:00:00', '14', '277'),
  ('118', '2017-09-10 00:00:00', '2017-09-10 00:00:00', '2017-09-15 00:00:00', '18', '255'),
  ('119', '2017-09-15 00:00:00', '2017-09-15 00:00:00', '2017-09-16 00:00:00', '28', '260'),
  ('12', '2018-09-24 00:00:00', '2018-09-26 00:00:00', '2018-09-29 00:00:00', '23', '294'),
  ('120', '2017-09-16 00:00:00', '2017-09-16 00:00:00', '2017-09-17 00:00:00', '31', '280'),
  ('121', '2017-09-21 00:00:00', '2017-09-21 00:00:00', '2017-09-24 00:00:00', '32', '257'),
  ('122', '2017-09-22 00:00:00', '2017-09-24 00:00:00', '2017-09-27 00:00:00', '31', '284'),
  ('123', '2017-09-24 00:00:00', '2017-09-25 00:00:00', '2017-09-27 00:00:00', '29', '266'),
  ('124', '2017-09-27 00:00:00', '2017-09-28 00:00:00', '2017-10-01 00:00:00', '31', '258'),
  ('125', '2017-09-28 00:00:00', '2017-09-28 00:00:00', '2017-10-03 00:00:00', '1', '271'),
  ('126', '2017-09-28 00:00:00', '2017-09-28 00:00:00', '2017-09-29 00:00:00', '27', '254'),
  ('127', '2017-09-30 00:00:00', '2017-10-02 00:00:00', '2017-10-06 00:00:00', '26', '240'),
  ('128', '2017-10-02 00:00:00', '2017-10-02 00:00:00', '2017-10-07 00:00:00', '5', '281'),
  ('129', '2017-10-04 00:00:00', '2017-10-04 00:00:00', '2017-10-06 00:00:00', '23', '266'),
  ('13', '2018-09-27 00:00:00', '2018-09-28 00:00:00', '2018-09-30 00:00:00', '25', '285'),
  ('130', '2017-10-05 00:00:00', '2017-10-05 00:00:00', '2017-10-09 00:00:00', '6', '259'),
  ('131', '2017-10-06 00:00:00', '2017-10-06 00:00:00', '2017-10-07 00:00:00', '2', '265'),
  ('132', '2017-10-08 00:00:00', '2017-10-08 00:00:00', '2017-10-13 00:00:00', '11', '242'),
  ('133', '2017-05-21 00:00:00', '2017-05-22 00:00:00', '2017-05-25 00:00:00', '36', '274'),
  ('134', '2017-05-21 00:00:00', '2017-05-22 00:00:00', '2017-05-28 00:00:00', '31', '274'),
  ('135', '2017-05-20 00:00:00', '2017-05-20 00:00:00', '2017-05-25 00:00:00', '9', '304'),
  ('14', '2018-07-07 00:00:00', '2018-07-07 00:00:00', '2018-07-08 00:00:00', '6', '292'),
  ('15', '2018-07-08 00:00:00', '2018-07-08 00:00:00', '2018-07-13 00:00:00', '33', '300'),
  ('16', '2018-07-16 00:00:00', '2018-07-17 00:00:00', '2018-07-18 00:00:00', '7', '286'),
  ('17', '2018-07-18 00:00:00', '2018-07-20 00:00:00', '2018-07-27 00:00:00', '25', '246'),
  ('18', '2018-07-19 00:00:00', '2018-07-19 00:00:00', '2018-07-24 00:00:00', '25', '275'),
  ('19', '2018-07-27 00:00:00', '2018-07-27 00:00:00', '2018-04-01 00:00:00', '29', '294'),
  ('2', '2018-08-22 00:00:00', '2018-08-23 00:00:00', '2018-08-24 00:00:00', '9', '265'),
  ('20', '2018-07-28 00:00:00', '2018-07-28 00:00:00', '2018-04-01 00:00:00', '16', '241'),
  ('21', '2018-04-01 00:00:00', '2018-04-01 00:00:00', '2018-04-04 00:00:00', '9', '237'),
  ('22', '2018-04-03 00:00:00', '2018-04-03 00:00:00', '2018-04-04 00:00:00', '14', '277'),
  ('23', '2018-04-04 00:00:00', '2018-04-06 00:00:00', '2018-04-11 00:00:00', '27', '295'),
  ('24', '2018-04-07 00:00:00', '2018-04-08 00:00:00', '2018-04-09 00:00:00', '31', '275'),
  ('25', '2018-04-12 00:00:00', '2018-04-12 00:00:00', '2018-04-17 00:00:00', '29', '245'),
  ('26', '2018-04-12 00:00:00', '2018-04-12 00:00:00', '2018-04-16 00:00:00', '26', '256'),
  ('27', '2018-04-19 00:00:00', '2018-04-20 00:00:00', '2018-04-23 00:00:00', '7', '276'),
  ('28', '2018-04-21 00:00:00', '2018-04-23 00:00:00', '2018-04-24 00:00:00', '23', '237'),
  ('29', '2018-04-22 00:00:00', '2018-04-22 00:00:00', '2018-04-25 00:00:00', '22', '269'),
  ('3', '2018-08-27 00:00:00', '2018-08-27 00:00:00', '2018-09-01 00:00:00', '4', '302'),
  ('30', '2018-04-28 00:00:00', '2018-04-28 00:00:00', '2017-01-02 00:00:00', '2', '239'),
  ('31', '2018-04-30 00:00:00', '2018-04-30 00:00:00', '2017-01-07 00:00:00', '25', '244'),
  ('32', '2017-01-01 00:00:00', '2017-01-01 00:00:00', '2017-01-05 00:00:00', '7', '302'),
  ('33', '2017-01-03 00:00:00', '2017-01-05 00:00:00', '2017-01-08 00:00:00', '16', '289'),
  ('34', '2017-01-05 00:00:00', '2017-01-05 00:00:00', '2017-01-08 00:00:00', '9', '257'),
  ('35', '2017-01-12 00:00:00', '2017-01-13 00:00:00', '2017-01-14 00:00:00', '2', '288'),
  ('36', '2017-01-16 00:00:00', '2017-01-16 00:00:00', '2017-01-17 00:00:00', '35', '251'),
  ('37', '2017-01-16 00:00:00', '2017-01-16 00:00:00', '2017-01-21 00:00:00', '31', '236'),
  ('38', '2017-01-24 00:00:00', '2017-01-25 00:00:00', '2017-01-30 00:00:00', '17', '297'),
  ('39', '2017-01-26 00:00:00', '2017-01-26 00:00:00', '2017-01-31 00:00:00', '21', '277'),
  ('4', '2018-09-10 00:00:00', '2018-09-10 00:00:00', '2018-09-17 00:00:00', '24', '297'),
  ('40', '2017-01-30 00:00:00', '2017-02-01 00:00:00', '2017-02-08 00:00:00', '9', '293'),
  ('41', '2017-02-02 00:00:00', '2017-02-02 00:00:00', '2017-02-06 00:00:00', '12', '296'),
  ('42', '2017-02-10 00:00:00', '2017-02-10 00:00:00', '2017-02-13 00:00:00', '3', '277'),
  ('43', '2017-02-10 00:00:00', '2017-02-10 00:00:00', '2017-02-13 00:00:00', '22', '278'),
  ('44', '2017-02-11 00:00:00', '2017-02-11 00:00:00', '2017-02-12 00:00:00', '16', '277'),
  ('45', '2017-02-13 00:00:00', '2017-02-15 00:00:00', '2017-02-20 00:00:00', '19', '285'),
  ('46', '2017-02-21 00:00:00', '2017-02-22 00:00:00', '2017-02-28 00:00:00', '23', '307'),
  ('47', '2017-02-22 00:00:00', '2017-02-22 00:00:00', '2017-02-25 00:00:00', '33', '262'),
  ('48', '2017-02-26 00:00:00', '2017-02-26 00:00:00', '2017-02-27 00:00:00', '25', '257'),
  ('49', '2017-02-25 00:00:00', '2017-03-01 00:00:00', '2017-03-06 00:00:00', '27', '250'),
  ('5', '2018-09-18 00:00:00', '2018-09-19 00:00:00', '2018-09-23 00:00:00', '13', '233'),
  ('50', '2017-03-04 00:00:00', '2017-03-04 00:00:00', '2017-03-11 00:00:00', '13', '297'),
  ('51', '2017-03-08 00:00:00', '2017-03-10 00:00:00', '2017-03-14 00:00:00', '19', '236'),
  ('52', '2017-03-14 00:00:00', '2017-03-14 00:00:00', '2017-03-17 00:00:00', '20', '305'),
  ('53', '2017-03-18 00:00:00', '2017-03-18 00:00:00', '2017-03-21 00:00:00', '33', '243'),
  ('54', '2017-03-26 00:00:00', '2017-03-26 00:00:00', '2017-03-27 00:00:00', '4', '293'),
  ('55', '2017-03-27 00:00:00', '2017-03-27 00:00:00', '2017-04-01 00:00:00', '14', '247'),
  ('56', '2017-04-02 00:00:00', '2017-04-04 00:00:00', '2017-04-11 00:00:00', '26', '293'),
  ('57', '2017-04-03 00:00:00', '2017-04-04 00:00:00', '2017-04-09 00:00:00', '22', '285'),
  ('58', '2017-04-11 00:00:00', '2017-04-11 00:00:00', '2017-04-15 00:00:00', '24', '256'),
  ('59', '2017-04-18 00:00:00', '2017-04-18 00:00:00', '2017-04-21 00:00:00', '2', '279'),
  ('6', '2018-09-23 00:00:00', '2018-09-23 00:00:00', '2018-09-26 00:00:00', '21', '262'),
  ('60', '2017-04-22 00:00:00', '2017-04-23 00:00:00', '2017-04-30 00:00:00', '31', '295'),
  ('61', '2017-04-23 00:00:00', '2017-04-23 00:00:00', '2017-04-26 00:00:00', '21', '301'),
  ('62', '2017-04-27 00:00:00', '2017-04-29 00:00:00', '2017-05-03 00:00:00', '16', '252'),
  ('63', '2017-04-29 00:00:00', '2017-04-29 00:00:00', '2017-05-02 00:00:00', '14', '257'),
  ('64', '2017-04-30 00:00:00', '2017-04-30 00:00:00', '2017-05-03 00:00:00', '14', '282'),
  ('65', '2017-05-02 00:00:00', '2017-05-02 00:00:00', '2017-05-03 00:00:00', '10', '276'),
  ('66', '2017-05-13 00:00:00', '2017-05-13 00:00:00', '2017-05-18 00:00:00', '12', '303'),
  ('67', '2017-05-16 00:00:00', '2017-05-18 00:00:00', '2017-05-25 00:00:00', '22', '234'),
  ('68', '2017-05-18 00:00:00', '2017-05-19 00:00:00', '2017-05-22 00:00:00', '14', '264'),
  ('7', '2018-09-01 00:00:00', '2018-09-03 00:00:00', '2018-09-06 00:00:00', '7', '285'),
  ('70', '2017-05-31 00:00:00', '2017-05-31 00:00:00', '2017-06-05 00:00:00', '18', '291'),
  ('71', '2017-05-31 00:00:00', '2017-05-31 00:00:00', '2017-06-01 00:00:00', '30', '244'),
  ('72', '2017-06-02 00:00:00', '2017-06-03 00:00:00', '2017-06-06 00:00:00', '23', '298'),
  ('73', '2017-06-02 00:00:00', '2017-06-04 00:00:00', '2017-06-11 00:00:00', '31', '248'),
  ('74', '2017-06-04 00:00:00', '2017-06-04 00:00:00', '2017-06-05 00:00:00', '4', '290'),
  ('75', '2017-06-09 00:00:00', '2017-06-09 00:00:00', '2017-06-13 00:00:00', '19', '257'),
  ('76', '2017-06-18 00:00:00', '2017-06-18 00:00:00', '2017-06-23 00:00:00', '23', '254'),
  ('77', '2017-06-26 00:00:00', '2017-06-28 00:00:00', '2017-06-30 00:00:00', '10', '235'),
  ('78', '2017-06-26 00:00:00', '2017-06-26 00:00:00', '2017-06-29 00:00:00', '35', '249'),
  ('79', '2017-06-28 00:00:00', '2017-06-29 00:00:00', '2017-07-06 00:00:00', '1', '264'),
  ('8', '2018-09-06 00:00:00', '2018-09-06 00:00:00', '2018-09-07 00:00:00', '16', '234'),
  ('80', '2017-07-01 00:00:00', '2017-07-01 00:00:00', '2017-07-04 00:00:00', '13', '262'),
  ('81', '2017-07-02 00:00:00', '2017-07-03 00:00:00', '2017-07-08 00:00:00', '13', '267'),
  ('82', '2017-07-02 00:00:00', '2017-07-02 00:00:00', '2017-07-03 00:00:00', '7', '268'),
  ('83', '2017-07-06 00:00:00', '2017-07-08 00:00:00', '2017-07-12 00:00:00', '22', '244'),
  ('84', '2017-07-06 00:00:00', '2017-07-06 00:00:00', '2017-07-13 00:00:00', '32', '250'),
  ('85', '2017-07-08 00:00:00', '2017-07-08 00:00:00', '2017-07-12 00:00:00', '9', '283'),
  ('86', '2017-07-09 00:00:00', '2017-07-09 00:00:00', '2017-07-12 00:00:00', '28', '275'),
  ('87', '2017-07-10 00:00:00', '2017-07-10 00:00:00', '2017-07-13 00:00:00', '6', '263'),
  ('89', '2017-07-14 00:00:00', '2017-07-15 00:00:00', '2017-07-31 00:00:00', '31', '307'),
  ('9', '2018-09-08 00:00:00', '2018-09-08 00:00:00', '2018-09-13 00:00:00', '21', '238'),
  ('90', '2017-07-15 00:00:00', '2017-07-15 00:00:00', '2017-07-31 00:00:00', '31', '307'),
  ('91', '2017-07-15 00:00:00', '2017-07-16 00:00:00', '2017-07-21 00:00:00', '29', '290'),
  ('92', '2017-07-15 00:00:00', '2017-07-15 00:00:00', '2017-07-20 00:00:00', '4', '270'),
  ('93', '2017-07-16 00:00:00', '2017-07-16 00:00:00', '2017-07-17 00:00:00', '28', '267'),
  ('94', '2017-07-16 00:00:00', '2017-07-18 00:00:00', '2017-07-23 00:00:00', '29', '301'),
  ('95', '2017-07-17 00:00:00', '2017-07-17 00:00:00', '2017-07-22 00:00:00', '14', '295'),
  ('96', '2017-07-20 00:00:00', '2017-07-20 00:00:00', '2017-07-20 00:00:00', '31', '307'),
  ('97', '2017-07-21 00:00:00', '2017-07-21 00:00:00', '2017-07-26 00:00:00', '32', '287'),
  ('98', '2017-07-23 00:00:00', '2020-07-23 00:00:00', '2020-07-27 00:00:00', '26', '305'),
  ('99', '2017-07-24 00:00:00', '2017-07-26 00:00:00', '2017-07-31 00:00:00', '11', '302'),
  ('140', '2017-07-24 00:00:00', '2017-07-26 00:00:00', '2017-07-31 00:00:00', '12', '309'),
  ('141', '2017-06-24 00:00:00', '2017-07-26 00:00:00', '2017-07-31 00:00:00', '16', '314'),
  ('142', '2017-06-24 00:00:00', '2017-07-26 00:00:00', '2017-07-31 00:00:00', '17', '314'),
  ('143', '2017-11-24 00:00:00', '2017-11-30 00:00:00', '2017-11-30 00:00:00', '1', '313'),
  ('144', '2017-12-24 00:00:00', '2017-01-01 00:00:00', '2017-01-06 00:00:00', '7', '310'),
  ('145', '2017-01-01 00:00:00', '2017-01-03 00:00:00', '2017-01-12 00:00:00', '4', '311'),
  ('146', '2017-01-01 00:00:00', '2017-01-02 00:00:00', '2017-01-09 00:00:00', '19', '315'),
  ('147', '2017-01-01 00:00:00', '2017-01-02 00:00:00', '2017-01-09 00:00:00', '6', '316'),
  ('148', '2017-01-03 00:00:00', '2017-01-04 00:00:00', '2017-01-08 00:00:00', '9', '317'),
  ('149', '2017-01-06 00:00:00', '2017-01-07 00:00:00', '2017-01-09 00:00:00', '8', '318'),
  ('150', '2017-01-01 00:00:00', '2017-01-02 00:00:00', '2017-01-09 00:00:00', '6', '319'),
  ('151', '2017-07-01 00:00:00', '2017-08-02 00:00:00', '2017-01-09 00:00:00', '19', '320');

INSERT INTO `Fahrrad`.`Wohnort`(`Ortnr`, `PLZ`, `Ort`,`Landnr`)
VALUES (29, '09020', 'klagenfurt', 1),
  (30, '6691', 'Jungholz', 1),
  (31, '06993', 'Mittelberg', 1),
  (32, '06993', 'Mittelberg', 2),
  (33, '02000', 'Stockerau', 1),
  (34, '00B28', 'Hay Mills', 7),
  (35, '0WC1E', 'London', 7),
  (60, '00BS1', 'Bristol', 7),
  (61, '33380', 'Mios' , 4),
  (2911, '07745', 'Jena', 2),
  (3092, '08100', 'Zwickau', 2),
  (4008, '10825', 'Berlin', 2),
  (4019, '10865', 'Berlin', 2),
  (4157, '12113', 'Berlin', 2),
  (6326, '17221', 'Neustrelitz', 2),
  (8314, '20738', 'Hamburg', 2),
  (8339, '20763', 'Hamburg', 2),
  (8414, '21022', 'Hamburg', 2),
  (10010, '24122', 'Kiel', 2),
  (11553, '26476', 'Wangerooge, Nordseebad', 2),
  (12282, '28068', 'Bremen', 2),
  (12291, '28077', 'Bremen', 2),
  (17019, '40047', 'Düsseldorf', 2),
  (18111, '44285', 'Dortmund', 2),
  (18200, '44607', 'Herne, Westf', 2),
  (18446, '45289', 'Essen, Ruhr',2),
  (19007, '47151', 'Duisburg',2),
  (19031, '47206', 'Duisburg',2),
  (19765, '49084', 'Osnabrück',2),
  (20345, '50446', 'Köln',2),
  (20359, '50460', 'Köln',2),
  (20501, '50683', 'Köln',2),
  (20740, '51153', 'Köln',2),
  (20788, '51333', 'Leverkusen',2),
  (20807, '51381', 'Leverkusen',2),
  (20811, '51390', 'Burscheid, Rheinl',2),
  (20927, '51616', 'Gummersbach',2),
  (21000, '52021', 'Aachen',2),
  (21005, '52026', 'Aachen',2),
  (21042, '52089', 'Aachen',2),
  (21108, '52310', 'Düren, Rheinl',2),
  (21335, '53170', 'Bonn',2),
  (21414, '53404', 'Remagen',2),
  (22444, '55040', 'Mainz a Rhein',2),
  (22512, '55220', 'Alzey',2),
  (22553, '55247', 'Mainz-Kastel',2),
  (22583, '55278', 'Dalheim b Mainz',2),
  (24010, '57030', 'Siegen',2),
  (25420, '60423', 'Frankfurt am Main',2),
  (25427, '60433', 'Frankfurt am Main',2),
  (25555, '61103', 'Bad Vilbel',2),
  (27301, '66711', 'Saarlouis',2),
  (27522, '66932', 'Pirmasens',2),
  (27850, '67445', 'Haßloch, Pfalz',2),
  (27953, '67610', 'Kaiserslautern',2),
  (28255, '68146', 'Mannheim',2),
  (28262, '68161', 'Mannheim',2),
  (28299, '68264', 'Mannheim',2),
  (28380, '68705', 'Schwetzingen',2),
  (28499, '69080', 'Heidelberg, Neckar',2),
  (28511, '69126', 'Heidelberg, Neckar',2),
  (28609, '69459', 'Weinheim, Bergstr',2),
  (28878, '72766', 'Reutlingen',2),
  (28933, '73031', 'Göppingen',2),
  (28935, '73033', 'Göppingen',2),
  (28936, '73035', 'Göppingen',2),
  (28952, '73061', 'Ebersbach an der Fils',2),
  (28955, '73066', 'Uhingen',2),
  (29003, '73207', 'Plochingen',2),
  (29008, '73223', 'Kirchheim unter Teck',2),
  (29009, '73230', 'Kirchheim unter Teck',2),
  (29017, '73240', 'Wendlingen am Neckar',2),
  (29022, '73249', 'Berghof b Wernau, Neckar',2),
  (29023, '73249', 'Wernau (Neckar)',2),
  (29053, '73312', 'Geislingen an der Steige',2),
  (29087, '73426', 'Aalen, Württ',2),
  (29089, '73430', 'Aalen, Württ',2),
  (29172, '73525', 'Schwäbisch Gmünd',2),
  (29238, '73608', 'Schorndorf, Württ',2),
  (29267, '73650', 'Winterbach b Schorndorf, Württ',2),
  (29287, '73705', 'Esslingen am Neckar',2),
  (29303, '73730', 'Esslingen am Neckar',2),
  (29305, '73733', 'Esslingen am Neckar',2),
  (29306, '73734', 'Esslingen am Neckar',2),
  (29307, '73744', 'Ostfildern',2),
  (29311, '73750', 'Ostfildern',2),
  (29315, '73760', 'Ostfildern',2),
  (29318, '73765', 'Neuhausen auf den Fildern',2),
  (29321, '73770', 'Denkendorf, Württ',2),
  (29331, '74004', 'Heilbronn, Neckar',2),
  (29367, '74074', 'Heilbronn, Neckar',2),
  (29375, '74100', 'Heilbronn, Neckar',2),
  (29391, '74169', 'Neckarsulm',2),
  (29466, '74321', 'Bietigheim-Bissingen',2),
  (29502, '74385', 'Pleidelsheim',2),
  (29521, '70173', 'Stuttgart',2),
  (29531, '70191', 'Stuttgart',2),
  (29573, '70376', 'Stuttgart',2),
  (29575, '70378', 'Stuttgart',2),
  (29641, '70523', 'Stuttgart',2),
  (29654, '70555', 'Stuttgart',2),
  (29657, '70559', 'Stuttgart',2),
  (29675, '70599', 'Stuttgart',2),
  (29722, '70771', 'Leinfelden-Echterdingen',2),
  (29724, '70773', 'Filderstadt',2),
  (29740, '70794', 'Filderstadt',2),
  (29764, '70839', 'Gerlingen, Württ',2),
  (29774, '71010', 'Böblingen',2),
  (29785, '71032', 'Böblingen',2),
  (29797, '71059', 'Sindelfingen',2),
  (29799, '71063', 'Sindelfingen',2),
  (29805, '71072', 'Herrenberg im Gäu',2),
  (29810, '71083', 'Herrenberg im Gäu',2),
  (29875, '71229', 'Leonberg, Württ',2),
  (29892, '71263', 'Weil der Stadt',2),
  (29897, '71272', 'Renningen',2),
  (29927, '71319', 'Waiblingen, Rems',2),
  (29981, '71512', 'Backnang',2),
  (30044, '71628', 'Ludwigsburg, Württ',2),
  (30047, '71634', 'Ludwigsburg, Württ',2),
  (30050, '71640', 'Ludwigsburg, Württ',2),
  (30059, '71667', 'Marbach am Neckar',2),
  (30075, '05400', 'Hallein',1),
  (30124, '05424', 'Bad Vigaun',1),
  (30222, '04813', 'Altmünster',1),
  (30225, '05102', 'Anthering',1),
  (30266, '04052', 'Ansfelden',1),
  (30296, '02375', 'Hechingen',1),
  (30334, '08992', 'Altaussee',1),
  (30350, '04050', 'Traun',1),
  (30389, '02555', 'Metzingen, Württ',1),
  (30414, '02609', 'Nürtingen',1),
  (30418, '72622', 'Nürtingen',2),
  (30426, '72639', 'Neuffen',2),
  (30470, '74510', 'Schwäbisch Hall',2),
  (30479, '74523', 'Schwäbisch Hall',2),
  (30504, '74564', 'Crailsheim',2),
  (30541, '74606', 'Öhringen',2),
  (30556, '74638', 'Waldenburg, Württ',2),
  (30563, '74649', 'Künzelsau',2),
  (30585, '38242', 'Paris',4),
  (30587, '2201', 'Saint-Brieuc',4),
  (30589, '19005', 'Tulle',4),
  (30615, '67000', 'Strasbourg',4),
  (30654, '02001', 'Laon',4),
  (30662, '38063', 'Ripley',3),
  (30775, '71639', 'Dumas',3),
  (30840, '71726', 'Readar',3),
  (30842, '75365', 'Calw',3),
  (30873, '75415', 'Mühlacker',2),
  (30985, '76131', 'Karlsruhe, Baden',2),
  (31038, '76233', 'Karlsruhe, Baden',2),
  (31052, '76252', 'Karlsruhe, Baden',2),
  (31066, '76273', 'Ettlingen',2),
  (31122, '76407', 'Rastatt',2),
  (31129, '76414', 'Rastatt',2),
  (31159, '76482', 'Baden-Baden',2),
  (31179, '76514', 'Baden-Baden',2),
  (31182, '76517', 'Baden-Baden',2),
  (31193, '76530', 'Baden-Baden',2),
  (31194, '76532', 'Baden-Baden',2),
  (31200, '76552', 'Gaggenau',2),
  (31213, '76586', 'Gernsbach',2),
  (31237, '76624', 'Bruchsal',2),
  (31241, '76629', 'Bruchsal',2),
  (31474, '77582', 'Offenburg',2),
  (31491, '77599', 'Offenburg',2),
  (31540, '77656', 'Offenburg',2),
  (31553, '77675', 'Kehl, Rhein',2),
  (31561, '77683', 'Kehl, Rhein',2),
  (31651, '77813', 'Bühl, Baden',2),
  (31652, '77815', 'Bühl, Baden',2),
  (31670, '77854', 'Achern, Baden',2),
  (31671, '77855', 'Achern, Baden',2),
  (31704, '77914', 'Lahr, Schwarzwald',2),
  (31767, '78052', 'Villingen-Schwenningen',2),
  (31777, '78073', 'Bad Dürrheim, Schwarzw',2),
  (31800, '78114', 'Furtwangen im Schwarzwald',2),
  (31830, '78158', 'Donaueschingen',2),
  (31953, '78441', 'Konstanz',2),
  (31963, '78465', 'Konstanz',2),
  (31974, '78506', 'Tuttlingen',2),
  (32031, '78609', 'Tuningen',2),
  (32154, '79088', 'Freiburg im Breisgau',2),
  (32168, '79110', 'Freiburg im Breisgau',2),
  (32175, '79121', 'Freiburg im Breisgau',2),
  (32269, '79302', 'Emmendingen',2),
  (32354, '79512', 'Lörrach',2),
  (32374, '79555', 'Weil am Rhein',2),
  (32381, '79576', 'Weil am Rhein',2),
  (32404, '79613', 'Rheinfelden (Baden)',2),
  (32523, '79811', 'Titisee-Neustadt',2),
  (32644, '80152', 'München',2),
  (32802, '80538', 'München',2),
  (32803, '80539', 'München',2),
  (32931, '80999', 'München',2),
  (33019, '81241', 'München',2),
  (33165, '81733', 'München',2),
  (33177, '81823', 'München',2),
  (33195, '81929', 'München',2),
  (33393, '82315', 'Starnberg',2),
  (33770, '83359', 'Ettendorf',2),
  (33918, '83462', 'Berchtesgaden',2),
  (33960, '83540', 'Rott a. Inn',2),
  (34547, '85219', 'Dachau',2),
  (34976, '86150', 'Augsburg, Bay',2),
  (35615, '88023', 'Friedrichshafen',2),
  (35623, '88045', 'Friedrichshafen',2),
  (35625, '88048', 'Friedrichshafen',2),
  (35668, '88131', 'Lindau (Bodensee)',2),
  (35705, '88187', 'Ravensburg, Württ',2),
  (35720, '88212', 'Ravensburg, Württ',2),
  (35733, '88239', 'Wangen im Allgäu',2),
  (35830, '88388', 'Biberach an der Riß',2),
  (35933, '88620', 'Pfullendorf, Baden',2),
  (35949, '88644', 'Überlingen, Bodensee',2),
  (36023, '89073', 'Ulm, Donau',2),
  (36025, '89077', 'Ulm, Donau',2),
  (36113, '89250', 'Senden, Iller',2),
  (36217, '89505', 'Heidenheim an der Brenz',2),
  (36225, '89518', 'Heidenheim an der Brenz',2),
  (36236, '89534', 'Giengen an der Brenz',2),
  (36262, '89573', 'Ehingen (Donau)',2),
  (36322, '90103', 'Nürnberg, Mittelfr',2),
  (36997, '91802', 'Meinheim',2),
  (37504, '94001', 'Passau',2),
  (38484, '97062', 'Würzburg',2),
  (38490, '97070', 'Würzburg',2),
  (38909, '97867', 'Wertheim a Main',2),
  (38936, '97935', 'Tauberbischofsheim',2),
  (38951, '97961', 'Bad Mergentheim',2),
  (39325, '99094', 'Erfurt',2),
  (39753, '99805', 'Eisenach, Thüringen',2),
  (39814, '99867', 'Gotha, Thüringen',2),
  (39815, '99869', 'Ballstädt',2),
  (39816, '99869', 'Brüheim',2);

-- Re-enable foreign key checks
SET FOREIGN_KEY_CHECKS=@OLD_FOREIGN_KEY_CHECKS;

-- End of script
