INSERT INTO ort (plz, wohnort) VALUES (5611, 'Großarl');
INSERT INTO ort (plz, wohnort) VALUES (5600, 'Sankt Johann Im Pongau');
INSERT INTO ort (plz, wohnort) VALUES (5542, 'Flachau');
INSERT INTO ort (plz, wohnort) VALUES (5700, 'Zell am See');
INSERT INTO ort (plz, wohnort) VALUES (6858, 'Schwarzach');
INSERT INTO ort (plz, wohnort) VALUES (5400, 'Hallein');
INSERT INTO ort (plz, wohnort) VALUES (5165, 'Berndorf bei Salzburg');
INSERT INTO ort (plz, wohnort) VALUES (5020, 'Salzburg');
INSERT INTO ort (plz, wohnort) VALUES (5111, 'Dorfbeuern');
INSERT INTO ort (plz, wohnort) VALUES (5325, 'Plainfeld');
INSERT INTO ort (plz, wohnort) VALUES (5661, 'Rauris');
INSERT INTO ort (plz, wohnort) VALUES (5353, 'Ebenau');
INSERT INTO ort (plz, wohnort) VALUES (5102, 'Anthering');
INSERT INTO ort (plz, wohnort) VALUES (5023, 'Koppl');
INSERT INTO ort (plz, wohnort) VALUES (5163, 'Mattsee');

INSERT INTO bearbeiter (bearbeiter_nr, nachname, vorname, kürzel) VALUES (1, 'Rosian', 'Sepp', 'RS');
INSERT INTO bearbeiter (bearbeiter_nr, nachname, vorname, kürzel) VALUES (2, 'Leherbauer', 'Hans', 'LH');
INSERT INTO bearbeiter (bearbeiter_nr, nachname, vorname, kürzel) VALUES (3, 'Voicescu', 'Bauer', 'VB');

INSERT INTO adresse (plz, haus_nr, straße) VALUES (5611, 10, 'Astachsiedlung');
INSERT INTO adresse (plz, haus_nr, straße) VALUES (6858, 16, 'Kurstrasse');
INSERT INTO adresse (plz, haus_nr, straße) VALUES (5661, 44, 'Kerngasse');
INSERT INTO adresse (plz, haus_nr, straße) VALUES (5700, 90, 'Seestraße');
INSERT INTO adresse (plz, haus_nr, straße) VALUES (5102, 10, 'Anthering');
INSERT INTO adresse (plz, haus_nr, straße) VALUES (5611, 17, 'Kerschbaumallee');
INSERT INTO adresse (plz, haus_nr, straße) VALUES (5023, 1, 'Dorfplatz');
INSERT INTO adresse (plz, haus_nr, straße) VALUES (5020, 44, 'Domgasse');
INSERT INTO adresse (plz, haus_nr, straße) VALUES (5400, 12, 'am Berg');
INSERT INTO adresse (plz, haus_nr, straße) VALUES (5600, 10, 'Zugstraße');
INSERT INTO adresse (plz, haus_nr, straße) VALUES (5611, 13, 'Astachsiedlung');
INSERT INTO adresse (plz, haus_nr, straße) VALUES (5661, 15, 'Seewinkel');
INSERT INTO adresse (plz, haus_nr, straße) VALUES (5111, 44, 'Dorfbeuern');
INSERT INTO adresse (plz, haus_nr, straße) VALUES (5700, 9, 'Treffergasse');
INSERT INTO adresse (plz, haus_nr, straße) VALUES (5325, 11, 'Wegkreuz');

INSERT INTO kunde (vorname, nachname, adresse_id) VALUES ('Adrian', 'Gerl', 1);
INSERT INTO kunde (vorname, nachname, adresse_id) VALUES ('John', 'Cena', 2);
INSERT INTO kunde (vorname, nachname, adresse_id) VALUES ('Steve', 'Jobs', 3);
INSERT INTO kunde (vorname, nachname, adresse_id) VALUES ('Bill', 'Gates', 4);
INSERT INTO kunde (vorname, nachname, adresse_id) VALUES ('Marilyn', 'Monroe', 5);
INSERT INTO kunde (vorname, nachname, adresse_id) VALUES ('Florian', 'Machengater', 6);
INSERT INTO kunde (vorname, nachname, adresse_id) VALUES ('John', 'Travolta', 7);
INSERT INTO kunde (vorname, nachname, adresse_id) VALUES ('George', 'Washington', 8);
INSERT INTO kunde (vorname, nachname, adresse_id) VALUES ('Napoleon', 'Bonaparte', 9);
INSERT INTO kunde (vorname, nachname, adresse_id) VALUES ('Alexander', 'Humbolt', 10);
INSERT INTO kunde (vorname, nachname, adresse_id) VALUES ('Friedrich', 'Gauss', 11);
INSERT INTO kunde (vorname, nachname, adresse_id) VALUES ('James', 'Cook', 12);
INSERT INTO kunde (vorname, nachname, adresse_id) VALUES ('Sigmund', 'Freud', 13);
INSERT INTO kunde (vorname, nachname, adresse_id) VALUES ('marie', 'Curie', 14);
INSERT INTO kunde (vorname, nachname, adresse_id) VALUES ('Ernest', 'Hammingway', 15);
INSERT INTO kunde (vorname, nachname, adresse_id) VALUES ('Johann', 'Gerl', 1);

INSERT INTO artikel (produkt, bezeichnung, lager, preis, bestand) VALUES ('Jeans', 'Blue Jeans', 2, 10, 5);
INSERT INTO artikel (produkt, bezeichnung, lager, preis, bestand) VALUES ('Watch', 'Nike Watch', 2, 25, 12);
INSERT INTO artikel (produkt, bezeichnung, lager, preis, bestand) VALUES ('Pen', 'Red Pen', 1, 3, 34);
INSERT INTO artikel (produkt, bezeichnung, lager, preis, bestand) VALUES ('iPhone', 'iPhone X', 3, 1000, 45);
INSERT INTO artikel (produkt, bezeichnung, lager, preis, bestand) VALUES ('Monitor', 'UHD-24k', 5, 500, 12);
INSERT INTO artikel (produkt, bezeichnung, lager, preis, bestand) VALUES ('Jeans', 'Black Jeans', 2, 99, 56);
INSERT INTO artikel (produkt, bezeichnung, lager, preis, bestand) VALUES ('Watch', 'Rolex Classic', 2, 255, 71);
INSERT INTO artikel (produkt, bezeichnung, lager, preis, bestand) VALUES ('CPU', 'Intel Xeon Gold 4,3 Ghz', 1, 3234, 23);
INSERT INTO artikel (produkt, bezeichnung, lager, preis, bestand) VALUES ('Smartphone', 'Samsung S10', 3, 1122, 43);
INSERT INTO artikel (produkt, bezeichnung, lager, preis, bestand) VALUES ('Monitor', 'Samsung 65 Zoll UHD', 5, 523, 41);
INSERT INTO artikel (produkt, bezeichnung, lager, preis, bestand) VALUES ('Jeans', 'Diesel Blue Short', 2, 99, 23);
INSERT INTO artikel (produkt, bezeichnung, lager, preis, bestand) VALUES ('RAM', '32GB DDR-400 4033', 2, 256, 51);
INSERT INTO artikel (produkt, bezeichnung, lager, preis, bestand) VALUES ('Kabel', 'Netzwerkkabel Cat6a 10m', 1, 45, 2);
INSERT INTO artikel (produkt, bezeichnung, lager, preis, bestand) VALUES ('Kabel', 'LWL 5m LC-Stecker', 3, 1000, 8);
INSERT INTO artikel (produkt, bezeichnung, lager, preis, bestand) VALUES ('CPU', 'AMD Ryzen X4000', 5, 5012, 5);

INSERT INTO bestellung (art_nr, gesamtpreis, menge, kunde_nr, bearbeiter_nr) VALUES (1, 20, 2, 1, 1);
INSERT INTO bestellung (art_nr, gesamtpreis, menge, kunde_nr, bearbeiter_nr) VALUES (4, 1000, 1, 3, 1);
INSERT INTO bestellung (art_nr, gesamtpreis, menge, kunde_nr, bearbeiter_nr) VALUES (2, 25, 1, 1, 1);
INSERT INTO bestellung (art_nr, gesamtpreis, menge, kunde_nr, bearbeiter_nr) VALUES (5, 500, 1, 4, 1);
INSERT INTO bestellung (art_nr, gesamtpreis, menge, kunde_nr, bearbeiter_nr) VALUES (2, 250, 10, 12, 1);
INSERT INTO bestellung (art_nr, gesamtpreis, menge, kunde_nr, bearbeiter_nr) VALUES (6, 198, 2, 4, 1);
INSERT INTO bestellung (art_nr, gesamtpreis, menge, kunde_nr, bearbeiter_nr) VALUES (7, 255, 1, 11, 1);
INSERT INTO bestellung (art_nr, gesamtpreis, menge, kunde_nr, bearbeiter_nr) VALUES (8, 6468, 2, 2, 2);
INSERT INTO bestellung (art_nr, gesamtpreis, menge, kunde_nr, bearbeiter_nr) VALUES (9, 1122, 1, 5, 2);
INSERT INTO bestellung (art_nr, gesamtpreis, menge, kunde_nr, bearbeiter_nr) VALUES (10, 1046, 2, 6, 2);
INSERT INTO bestellung (art_nr, gesamtpreis, menge, kunde_nr, bearbeiter_nr) VALUES (11, 495, 5, 7, 2);
INSERT INTO bestellung (art_nr, gesamtpreis, menge, kunde_nr, bearbeiter_nr) VALUES (12, 1024, 4, 6, 2);
INSERT INTO bestellung (art_nr, gesamtpreis, menge, kunde_nr, bearbeiter_nr) VALUES (13, 45, 1, 9, 2);
INSERT INTO bestellung (art_nr, gesamtpreis, menge, kunde_nr, bearbeiter_nr) VALUES (14, 2000, 2, 10, 3);
INSERT INTO bestellung (art_nr, gesamtpreis, menge, kunde_nr, bearbeiter_nr) VALUES (15, 5012, 1, 13, 3);
INSERT INTO bestellung (art_nr, gesamtpreis, menge, kunde_nr, bearbeiter_nr) VALUES (11, 198, 2, 14, 3);
INSERT INTO bestellung (art_nr, gesamtpreis, menge, kunde_nr, bearbeiter_nr) VALUES (12, 256, 1, 15, 3);
INSERT INTO bestellung (art_nr, gesamtpreis, menge, kunde_nr, bearbeiter_nr) VALUES (6, 99, 1, 3, 3);
INSERT INTO bestellung (art_nr, gesamtpreis, menge, kunde_nr, bearbeiter_nr) VALUES (7, 510, 2, 4, 3);
INSERT INTO bestellung (art_nr, gesamtpreis, menge, kunde_nr, bearbeiter_nr) VALUES (2, 250, 10, 11, 3);

INSERT INTO rechnung (datum, summe, MwSt, bestellung_nr) VALUES ('2021-05-20', 22, 2, 1);
INSERT INTO rechnung (datum, summe, MwSt, bestellung_nr) VALUES ('2021-02-11', 1020, 20, 2);
INSERT INTO rechnung (datum, summe, MwSt, bestellung_nr) VALUES ('2021-05-21', 28, 3, 3);
INSERT INTO rechnung (datum, summe, MwSt, bestellung_nr) VALUES ('2021-09-10', 510, 10, 4);
INSERT INTO rechnung (datum, summe, MwSt, bestellung_nr) VALUES ('2018-07-20', 255, 5, 5);
INSERT INTO rechnung (datum, summe, MwSt, bestellung_nr) VALUES ('2021-05-20', 2224, 234, 6);
INSERT INTO rechnung (datum, summe, MwSt, bestellung_nr) VALUES ('2021-02-11', 102, 20, 7);
INSERT INTO rechnung (datum, summe, MwSt, bestellung_nr) VALUES ('2021-05-21', 2856, 367, 8);
INSERT INTO rechnung (datum, summe, MwSt, bestellung_nr) VALUES ('2021-10-10', 519, 18, 9);
INSERT INTO rechnung (datum, summe, MwSt, bestellung_nr) VALUES ('2018-07-20', 2267, 534, 10);
INSERT INTO rechnung (datum, summe, MwSt, bestellung_nr) VALUES ('2021-05-20', 22, 4, 11);
INSERT INTO rechnung (datum, summe, MwSt, bestellung_nr) VALUES ('2021-02-11', 567, 23, 12);
INSERT INTO rechnung (datum, summe, MwSt, bestellung_nr) VALUES ('2021-06-21', 934, 32, 13);
INSERT INTO rechnung (datum, summe, MwSt, bestellung_nr) VALUES ('2021-09-10', 590, 78, 14);
INSERT INTO rechnung (datum, summe, MwSt, bestellung_nr) VALUES ('2018-07-20', 2555, 523, 15);